Name,Link,Author,Type
From Getting Started to Getting the Most out of Corona,http://beyondthetech.com/2011/04/from-getting-started-to-getting-the-most-out-of-corona/,Beyond the Tech,Blog post
Lesson 01: Getting Started,http://www.burtonsmediagroup.com/blog/2010/06/iphone-game-development-with-corona-getting-started-hello-world/,Burton's Media Group,Blog Post
Lesson 02: Working with Buttons,http://www.burtonsmediagroup.com/blog/2010/06/developing-iphoneipadandroid-games-with-corona-working-with-buttons/,Burton's Media Group,Blog Post
Lesson 03: Creating Animations,http://www.burtonsmediagroup.com/blog/2010/07/developing-iphoneipadandroid-games-with-corona-creating-animations/,Burton's Media Group,Blog Post
Lesson 04: Fade In and Fade Out,http://www.burtonsmediagroup.com/blog/2010/07/developing-iphoneipadandroid-games-with-corona-fade-in-and-fade-out/,Burton's Media Group,Blog Post
Lesson 05: Adding Sound Effects,http://www.burtonsmediagroup.com/blog/2010/07/developing-iphoneipadandroid-games-with-corona-adding-sound-effects/,Burton's Media Group,Blog Post
Lesson 06: Orientation Change,http://www.burtonsmediagroup.com/blog/2010/07/developing-iphoneipadandroid-applications-with-corona-orientation-change/,Burton's Media Group,Blog Post
Lesson 07: Developing With SQLite Database,http://www.burtonsmediagroup.com/blog/2011/02/corona-app-development-developing-with-sqlite-database/,Burton's Media Group,Blog Post
ChromaClub: Make Your Own Mobile Game in 60 Minutes,http://www.youtube.com/watch?v=TD6OlIgepCE&feature=BFp&list=PLF74515B1E922F402,Chroma Club,Video
Hidden Mobile Game Design Mechanic #97: Drawing Mechanic,http://www.youtube.com/watch?v=INLVH-uba70,Chroma Club,Video
Hidden Mobile Game Design Mechanic #48: Saving Game Content,http://www.youtube.com/watch?v=qvvMlv_pCqc&feature=plcp,Chroma Club,Video
Corona 101 - The Basics,http://vimeo.com/16824130,Corona Labs,Video
Corona 102 - Functions & Event Listeners,http://vimeo.com/17043767,Corona Labs,Video
Tutorial: Learn How to Build a Flickr Photo Browser,http://developer.anscamobile.com/code/flickr-photo-browser,Corona Labs,Forum post
Applying Basic Animation with Transition,http://blog.anscamobile.com/2012/06/applying-basic-animation-with-transitions/,Corona Labs,Blog Post
Local Notifications Guide (iOS),http://blog.anscamobile.com/2012/06/local-notifications-guide-ios/,Corona Labs,Blog Post
How to Use Bitmap Masks,http://blog.anscamobile.com/2012/05/how-to-use-bitmap-masks/,Corona Labs,Blog Post
Adding Buttons to Your Games and Apps,http://blog.anscamobile.com/2012/05/adding-buttons-to-your-games-and-apps/,Corona Labs,Blog Post
Handling Corona System Events,http://blog.anscamobile.com/2012/05/handling-corona-system-events/,Corona Labs,Blog Post
LuaFileSystem (LFS) Tutorial,http://blog.anscamobile.com/2012/05/luafilesystem-lfs-tutorial/,Corona Labs,Blog Post
Property Callbacks,http://blog.anscamobile.com/2012/05/tutorial-property-callbacks/,Corona Labs,Blog Post
Scene Overlays and Parameter Passing,http://blog.anscamobile.com/2012/04/scene-overlays-and-parameter-passing/,Corona Labs,Blog Post
Working with Time: Delays and Passing,http://blog.anscamobile.com/2012/04/working-with-time-delays-and-counting/,Corona Labs,Blog Post
"Director to Storyboard ""Transition Guide""",http://blog.anscamobile.com/2012/04/director-to-storyboard-transition-guide/,Corona Labs,Blog Post
Detecting Touches in Corona,http://blog.anscamobile.com/2012/04/corona-touch-events-tutorial/,Corona Labs,Blog Post
Database Access in Corona with SQLite,http://blog.anscamobile.com/2012/04/tutorial-database-access-in-corona/,Corona Labs,Blog Post
Storyboard Scene Events Explained,http://blog.anscamobile.com/2012/03/storyboard-scene-events-explained/,Corona Labs,Blog Post
Developing for iPad Retina Display,http://blog.anscamobile.com/2012/03/developing-for-ipad-retina-display/,Corona Labs,Blog Post
Taking Snapshots of Objects and Groups,http://blog.anscamobile.com/2012/03/taking-snapshots-of-objects-and-groups/,Corona Labs,Blog Post
Getting Started With Android In-App Billing,http://blog.anscamobile.com/2012/03/getting-started-with-android-in-app-billing/,Corona Labs,Blog Post
Reading and Writing Files in Corona,http://blog.anscamobile.com/2012/02/reading-and-writing-files-in-corona/,Corona Labs,Blog Post
Tutorial: Text Input with Native UI,http://blog.anscamobile.com/2012/02/tutorial-text-input-with-native-ui/,Corona Labs,Blog Post
Creating Lists with the TableView Widget,http://blog.anscamobile.com/2012/01/creating-lists-with-the-tableview-widget/,Corona Labs,Blog Post
Using the New Native Web and Video APIÕs,http://blog.anscamobile.com/2012/01/using-the-new-native-web-video-apis/,Corona Labs,Blog Post
Tutorial: Game Center Integration (iOS),http://blog.anscamobile.com/2012/01/tutorial-game-center-integration-ios/,Corona Labs,Blog Post
Implementing Facebook Single Sign-On,http://blog.anscamobile.com/2012/01/implementing-facebook-single-sign-on/,Corona Labs,Blog Post
Composing E-mail and SMS in Corona,http://blog.anscamobile.com/2012/01/composing-email-and-sms-in-corona/,Corona Labs,Blog Post
Using App URL Schemes in iOS,http://blog.anscamobile.com/2011/12/using-app-url-schemes-in-ios/,Corona Labs,Blog Post
Push Notifications for iOS in Corona SDK,http://blog.anscamobile.com/2011/12/push-notifications-for-ios-in-corona-sdk/,Corona Labs,Blog Post
Uploading Photos to Facebook in Corona,http://blog.anscamobile.com/2011/12/uploading-photos-to-facebook-in-corona/,Corona Labs,Blog Post
How to Create a Page Curl in Corona,http://blog.anscamobile.com/2011/12/how-to-create-a-page-curl-in-corona/,Corona Labs,Blog Post
Building and Publishing Kindle Fire Apps,http://blog.anscamobile.com/2011/11/building-and-publishing-kindle-fire-apps/,Corona Labs,Blog Post
Common Storyboard API Questions,http://blog.anscamobile.com/2011/11/common-storyboard-api-questions/,Corona Labs,Blog Post
Tutorial: Resurrect your Flash games,http://blog.anscamobile.com/2011/11/guest-post-resurrect-your-flash-games/,Corona Labs,Blog Post
Tutorial: The A* Algorithm,http://blog.anscamobile.com/2011/11/guest-post-the-a-algorithm/,Corona Labs,Blog Post
Tutorial: Modular Classes in Corona,http://blog.anscamobile.com/2011/09/tutorial-modular-classes-in-corona/,Corona Labs,Blog Post
Tutorial: How to Drag Objects,http://blog.anscamobile.com/2011/09/tutorial-how-to-drag-objects/,Corona Labs,Blog Post
How to spawn objects Ñ the right way!,http://blog.anscamobile.com/2011/09/how-to-spawn-objects-%e2%80%94-the-right-way/,Corona Labs,Blog Post
A Better Approach to External Modules,http://blog.anscamobile.com/2011/09/a-better-approach-to-external-modules/,Corona Labs,Blog Post
Corona SDK Memory Leak Prevention 101,http://blog.anscamobile.com/2011/08/corona-sdk-memory-leak-prevention-101/,Corona Labs,Blog Post
Tutorial: Simple Modular Coding Technique,http://blog.anscamobile.com/2011/08/tutorial-simple-modular-coding-technique/,Corona Labs,Blog Post
Solutions to Common Physics Challenges,http://blog.anscamobile.com/2011/08/solutions-to-common-physics-challenges/,Corona Labs,Blog Post
Tutorial: Exploring JSON Usage in Corona,http://blog.anscamobile.com/2011/08/tutorial-exploring-json-usage-in-corona/,Corona Labs,Blog Post
How to use XML files in Corona,http://blog.anscamobile.com/2011/07/how-to-use-xml-files-in-corona/,Corona Labs,Blog Post
The secret/undocumented audio APIs in Corona SDK,http://blog.anscamobile.com/2011/07/the-secretundocumented-audio-apis-in-corona-sdk/,Corona Labs,Blog Post
The Significance of Local Variables in Lua,http://blog.anscamobile.com/2011/07/local-variables-lua/,Corona Labs,Blog Post
How to Use Custom Fonts in Corona,http://blog.anscamobile.com/2011/07/custom-fonts-corona/,Corona Labs,Blog Post
Using External Modules in Corona,http://blog.anscamobile.com/2011/07/using-external-modules-in-corona/,Corona Labs,Blog Post
Understanding Lua tables in Corona SDK,http://blog.anscamobile.com/2011/06/understanding-lua-tables-in-corona-sdk/,Corona Labs,Blog Post
The Corona Event Model explained,http://blog.anscamobile.com/2011/06/the-corona-event-model-explained/,Corona Labs,Blog Post
"Tutorial: Porting ActionScript games to iOS (with Corona SDK, of course!)",http://blog.anscamobile.com/2011/06/porting-actionscript-games-to-ios-with-corona-sdk-of-course/,Corona Labs,Blog Post
Tutorial: Apple Validation with Corona SDK,http://blog.anscamobile.com/2011/05/tutorial-apple-validation-with-corona-sdk/,Corona Labs,Blog Post
Make a game in 90 minutes: ÔBalloon BurstÕ,http://blog.anscamobile.com/2011/03/make-a-game-in-90-minutes-balloon-burst/,Corona Labs,Blog Post
How to make a simple physics-based shooter game with the Corona SDK,http://blog.anscamobile.com/2011/02/how-to-make-a-simple-physics-based-shooter-game-with-the-corona-sdk/,Corona Labs,Blog Post
Corona SDK Tutorial: Make a Game in 40 Minutes,http://blog.anscamobile.com/2011/02/corona-sdk-tutorial-make-a-game-in-40-minutes/,Corona Labs,Blog Post
Corona Comics Tutorial: Coloring your artwork,http://blog.anscamobile.com/2011/02/corona-comics-tutorial-coloring-your-artwork/,Corona Labs,Blog Post
Using closures in Lua to avoid global variables for callbacks,http://blog.anscamobile.com/2011/02/using-closures-in-lua-to-avoid-global-variables-for-callbacks/,Corona Labs,Blog Post
Use dynamic layouts in universal builds with Corona SDK,http://blog.anscamobile.com/2011/01/use-dynamic-layouts-in-universal-builds-with-corona-sdk/,Corona Labs,Blog Post
Dynamic Image Resolution Made Easy,http://blog.anscamobile.com/2011/01/dynamic-image-resolution-made-easy/,Corona Labs,Blog Post
Flash to Corona SDK Porting Guide,http://blog.anscamobile.com/2011/01/flash-to-corona-porting-guide/,Corona Labs,Blog Post
Corona SDK Tutorial: Polygon point reduction with curve-fitting,http://blog.anscamobile.com/2010/12/corona-sdk-tutorial-polygon-point-reduction-with-curve-fitting/,Corona Labs,Blog Post
Corona Comics Tutorial: Inking your comic art,http://blog.anscamobile.com/2010/12/corona-comics-tutorial-inking-your-comic-art/,Corona Labs,Blog Post
Corona Comics Tutorial: Special Effects with Text,http://blog.anscamobile.com/2010/11/corona-comics-tutorial-special-effects-text/,Corona Labs,Blog Post
Corona Comics Tutorial: Word Balloons,http://blog.anscamobile.com/2010/11/corona-comics-tutorial-word-balloons/,Corona Labs,Blog Post
Introduction to Corona Comics,http://blog.anscamobile.com/2010/11/introduction-to-corona-comics/,Corona Labs,Blog Post
Tips & Tricks: Using textures for better motion,http://blog.anscamobile.com/2010/10/tips-tricks-using-textures-for-better-motion/,Corona Labs,Blog Post
Make a game in 8 minutes with Corona?,http://blog.anscamobile.com/2010/10/make-a-game-in-8-minutes-with-corona/,Corona Labs,Blog Post
Make a game in 8 minutes with Corona (Part 2),http://blog.anscamobile.com/2010/10/make-a-game-in-8-minutes-with-corona-part-2/,Corona Labs,Blog Post
Corona Tutorial: Display Objects and Texture Memory (Part 1),http://blog.anscamobile.com/2010/10/corona-tutorial-display-objects-and-texture-memory-part-1/,Corona Labs,Blog Post
Corona Tutorial: Display Objects and Texture Memory (Part 2),http://blog.anscamobile.com/2010/10/video-tutorial-display-objects-and-texture-memory-%e2%80%94-part-2/,Corona Labs,Blog Post
Combine HTML and OpenGL content seamlessly in a single app,http://blog.anscamobile.com/2010/09/opengl-and-html/,Corona Labs,Blog Post
Corona SDK Welcome Screen and Simulator Overview,http://www.youtube.com/watch?v=Voq1rMy9elU,Corona Labs,Video
Corona SDK on Windows: Getting Started,http://www.youtube.com/watch?v=vcRaabRAtXo,Corona Labs,Video
Lesson 01: Hello World,http://www.youtube.com/watch?v=W671W0QwgdQ,Corona Labs,Video
Lesson 02: Transitions,http://www.youtube.com/watch?v=bo-OPAl9O2Q,Corona Labs,Video
"Lesson 03: Gear Animation, Part 1: Rotation and Simple Animation",http://www.youtube.com/watch?v=YVRRotMYXyI,Corona Labs,Video
"Lesson 04: Gear Animation, Part 2: Rotate and Scale",http://www.youtube.com/watch?v=BOI96QtXtoU,Corona Labs,Video
"Lesson 05: Gear Animation, Part 3: Backgrounds, Buttons and More",http://www.youtube.com/watch?v=Y5Oz72MO4JI,Corona Labs,Video
"Lesson 06: Gear Animation, Part 4: Positioning, Resolution Independence",http://www.youtube.com/watch?v=vQomcSlSLKs,Corona Labs,Video
"Lesson 07: Gear Animation, Part 5: Optimizing Frame Rate",http://www.youtube.com/watch?v=tKbPr8MvVr8,Corona Labs,Video
"Lesson 08: Gear Animation, Part 6: Android Support",http://www.youtube.com/watch?v=MYIAHR1CbBs,Corona Labs,Video
Lesson 09: Using display.NewLine,http://www.youtube.com/watch?v=-zuuV8z4gVE,Corona Labs,Video
Lesson 10: Dynamic Content Scaling,http://www.youtube.com/watch?v=-yb1xLwzeJo,Corona Labs,Video
Lesson 11: Sprite Sheets,http://www.youtube.com/watch?v=6w3n8ycCZDs,Corona Labs,Video
"Lesson 12: Display Objects and Texture Memory, Part 1",http://www.youtube.com/watch?v=_oWWWueFl8I,Corona Labs,Video
"Lesson 13: Display Objects and Texture Memory, Part 2",http://www.youtube.com/watch?v=xJAIdOggcn8,Corona Labs,Video
Lesson 14: Optimized Sprite Sheets,http://www.youtube.com/watch?v=9tqRhh4C9w4,Corona Labs,Video
"Lesson 15: Make a Game in 8 Minutes, Part 1",http://www.youtube.com/watch?v=qEMGcy-mizM,Corona Labs,Video
"Lesson 16: Make a Game in 8 Minutes, Part 2",http://www.youtube.com/watch?v=Idrug4vHSgg,Corona Labs,Video
Lesson 17: Using Textures to Create Motion,http://www.youtube.com/watch?v=Evmsec7G8tQ,Corona Labs,Video
Lesson 18: Dragging Physics,http://www.youtube.com/watch?v=LoUisojkcGE,Corona Labs,Video
Lesson 19: Intro to Corona Comics,http://www.youtube.com/watch?v=7ar3dQtpR0o,Corona Labs,Video
Lesson 20: Apple Validation in Corona SDK,http://www.youtube.com/watch?v=e-hLhZISWrM,Corona Labs,Video
Lesson 21: Create a Breakout-like game with Corona SDK,http://www.youtube.com/watch?v=4ee261iYTaI,Corona Labs,Video
"VideoTutorial Corona SDK, parte 1 - Introduccion a Lua",http://www.youtube.com/watch?v=NH64be-N8Cc,erozekdkmalaga,Video
"VideoTutorial Corona SDK, parte 2 - Instalaci—n de Lua y de Corona SDK en Windows",http://www.youtube.com/watch?v=wtG2ImNXjEQ,erozekdkmalaga,Video
"VideoTutorial Corona SDK, parte 3 - Programaci—n Lua 2» parte",http://www.youtube.com/watch?v=p5mTUHUynww,erozekdkmalaga,Video
"VideoTutorial Corona SDK, parte 4 - Programaci—n Lua 3» parte",http://www.youtube.com/watch?v=07w_7HxDi-4,erozekdkmalaga,Video
"VideoTutorial Corona SDK, parte 5 - Programaci—n Lua 4» parte",http://www.youtube.com/watch?v=Q2Ze2KlGEYc,erozekdkmalaga,Video
"VideoTutorial Corona SDK, parte 6 - Programaci—n Lua 5» parte - Tables",http://www.youtube.com/watch?v=wn68PGVDR1Y,erozekdkmalaga,Video
"VideoTutorial Corona SDK, parte 7 - Programaci—n Lua 6» parte - If",http://www.youtube.com/watch?v=SK2mw8FSucg,erozekdkmalaga,Video
Create a simon game,http://gamedevnation.com/game-development/create-a-simon-game-in-corona-sdk/,GameDevNation,Blog Post
Switching Screens,http://gamedevnation.com/corona-sdk-video-tutorials/switching-screens/,GameDevNation,Video
Graphic Layout Tool,http://gamedevnation.com/corona-sdk-video-tutorials/graphics-layout-tool/,GameDevNation,Video
Using Print() From a Device [Debugging],http://gamedevnation.com/corona-sdk-video-tutorials/using-print-from-a-device-kinda/,GameDevNation,Video
Better Buttons in Corona SDK,http://instantvideowebpages.com/play/?m=645,GameDevNation,Video
Moving Sunbeams in Corona SDK,http://gamedevnation.com/game-development/moving-sunbeams-in-corona-sdk/,GameDevNation,Video
Playing with Numbers and Colors,http://gamedevnation.com/lua/playing-with-numbers-and-colors/,GameDevNation,Blog post
Shuffling Your Data,http://gamedevnation.com/lua/shuffling-your-data/,GameDevNation,Video
Create a Simon Game in Corona SDK,http://gamedevnation.com/game-development/create-a-simon-game-in-corona-sdk/,GameDevNation,Video
Shooting for Genericity: Optimizing a Lua Switch Function,http://gamedevnation.com/game-development/shooting-for-genericity/,GameDevNation,Blog post
Look for Existing Columns in a SQLite Database Table,http://gamedevnation.com/game-development/look-for-existing-columns-in-a-sqlite-database-table/,GameDevNation,Blog post
PhysicsEditor,http://gpanimations.wordpress.com/2012/05/30/physicseditor-review-tutorial/,GP Animations,Blog post
TexturePacker,http://gpanimations.wordpress.com/2012/05/29/texturepacker-review/,GP Animations,Blog post
"Corona Game Example: OOP, Scope and Box2D Collisions, Part 1",http://jessewarden.com/2011/07/corona-game-example-oop-scope-box2d-collisions-part-1.html,Jesse Warden,Blog post
Adding Achievements Using OpenFeint & Papaya Mobile,http://jessewarden.com/2011/10/adding-achievements-to-your-corona-game-or-app-using-openfeint-papaya-mobile.html,Jesse Warden,Blog post
Lua Classes and Packages in Corona,http://jessewarden.com/2011/10/lua-classes-and-packages-in-corona.html,Jesse Warden,Blog post
Make a Character Jump in Corona (Video),http://www.youtube.com/watch?v=oE_45hJVf-E&feature=youtu.be&hd=1,Jon Beebe,Video
How to Make a Simple Physics Based Shooter Game,http://karnakgames.com/wp/2011/02/how-to-make-a-simple-physics-based-shooter-game-with-the-corona-sdk/,Karnak Games,Blog post
Lesson 01: Facebook Friends Leaderboard,http://ideveloper.kodingen.com/2010/facebook-friends-leaderboard/,Kodingen,Blog Post
Lesson 02: Easy Screen Management in Corona,http://ideveloper.kodingen.com/2010/easy-screen-management-in-corona/,Kodingen,Blog Post
Lesson 03: Retina Display Setup in 3 Easy Steps,http://ideveloper.kodingen.com/2010/retina-display-setup-in-3-easy-steps/,Kodingen,Blog Post
Lesson 04: Creating a Time Counter,http://ideveloper.kodingen.com/2010/creating-a-time-counter-and-practical-usage/,Kodingen,Blog Post
Admob Ad Support in Corona,http://www.ludicroussoftware.com/blog/2010/06/03/admob-ad-support-in-corona/,Ludicrous Software,Blog Post
Table Shuffling in Lua/Corona,http://www.ludicroussoftware.com/blog/2011/01/07/table-shuffling-in-luacorona/,Ludicrous Software,Blog Post
Using SWFSheet with Corona,http://www.ludicroussoftware.com/blog/2011/01/13/using-swfsheet-with-corona/,Ludicrous Software,Blog Post
Simple OOP with Inheritance in Corona: My Approach,http://www.ludicroussoftware.com/blog/2011/07/06/simple-oop-with-inheritance-in-corona/,Ludicrous Software,Blog Post
Corona Quick Tip: Nested Block Comments,http://www.ludicroussoftware.com/blog/2011/07/08/corona-quick-tip-nested-block-comments/,Ludicrous Software,Blog Post
Custom Corona SDK Locations for Textmate Bundle,http://www.ludicroussoftware.com/blog/2011/08/03/custom-corona-sdk-locations-for-textmate-bundle/,Ludicrous Software,Blog Post
Object Oriented Function Calls in Corona,http://www.ludicroussoftware.com/blog/2011/08/10/object-oriented-function-calls-in-corona/,Ludicrous Software,Blog Post
table_AS3: AS3 Array Methods for Lua,http://www.ludicroussoftware.com/blog/2011/08/12/table_as3-as3-array-methods-for-lua/,Ludicrous Software,Blog Post
Corona Advertisement API Tutorial,http://www.ludicroussoftware.com/blog/2011/08/17/corona-ads-api-tutorial/,Ludicrous Software,Blog Post
Using the Corona Debugger,http://www.ludicroussoftware.com/blog/2011/08/22/using-the-corona-debugger/,Ludicrous Software,Blog Post
Fastest Way to Remove All Event Listeners,http://www.ludicroussoftware.com/blog/2011/08/24/remove-all-listeners/,Ludicrous Software,Blog Post
Corona Physics: Forced Horizontal/Vertical Bouncing,http://www.ludicroussoftware.com/blog/2011/09/01/corona-physics-forced-bouncing/,Ludicrous Software,Blog Post
Passing Parameters in timer.performWithDelay(),http://www.ludicroussoftware.com/blog/2011/09/05/passing-parameters-in-a-timer/,Ludicrous Software,Blog Post
Using do/end for Disposable Code,http://www.ludicroussoftware.com/blog/2011/09/21/using-do-end-for-disposable-code/,Ludicrous Software,Blog Post
Performance of Local vs. Table Functions,http://www.ludicroussoftware.com/blog/2011/11/01/local-v--table-functions/,Ludicrous Software,Blog Post
Build a Missile Command Game with Corona SDK,http://www.ludicroussoftware.com/blog/2011/11/21/build-missile-command-with-the-corona-sdk/,Ludicrous Software,Blog Post
Screencast: How to Install the Corona SDK by MrSubspacegames,http://www.youtube.com/watch?v=djOKIsebfw0,Miscellaneous,Video
Screencast: Crash Course to Corona by Jesse Warden,http://www.youtube.com/watch?v=CnfJqEN2bxc&feature=channel_video_title,Miscellaneous,Video
How to Build for the App Store,http://developer.anscamobile.com/forum/2011/03/13/build-app-store,Miscellaneous,Forum Post
"Provisioning, Setup & App Store Submission",http://www.slideshare.net/anscamobile/iphone-provisioning-setup-and-app-store-submission?from=ss_embed,Miscellaneous,Slideshow
Acessing SQLite Database in Corona,http://sree.cc/google/android/acessing-sqlite-database-in-corona,Miscellaneous,Blog post
Academy of Art Webinar by Adrian Herbez: Intro to Corona (Also Demos Building a Cannon Game),https://live4.academyart.edu/p88008816/?launcher=false&fcsContent=true&pbMode=normal,Miscellaneous,Webinar
Corona Tips and Tricks by @base2solutions (work in progress),http://www.base2solutions.com/walkabout/Corona%20Tips.html,Miscellaneous,Blog Post
How to Make an Angry Birds Catapult,http://developer.anscamobile.com/code/how-make-angry-birds-catapult,Miscellaneous,Forum post
Integrating Facebook Like Buttons & Corona SDK,http://www.crawlspacegames.com/blog/likey-likey-integrating-facebook-like-buttons-corona-sdk/,Miscellaneous,Blog Post
Photoshop as a Level Editor for Corona SDK,http://www.rocket5studios.com/tutorials/photoshop-as-a-level-editor-for-corona-sdk/?utm_source=feedburner&utm_medium=feed&utm_campaign=Feed%3A+idevblogaday+%28iDevBlogADay%29&utm_content=Twitter,Miscellaneous,Blog Post
Screencast: Create a Recipe App by mf2810,http://www.youtube.com/watch?v=teZ2aPuGtQA&feature=BFp&list=PL3982E4C08F7E4001&index=1,Miscellaneous,Video
Lua Switch Function Code Example,http://www.nexusgamestudio.com/2011/08/30/lua-switch-function-code-example/,Miscellaneous,Blog post
Screencast: How to Make iPad Books with Corona SDK,http://www.youtube.com/watch?v=u-AHlPY_-H0&list=PL153E4F87F6994800&index=1,Miscellaneous,Video
Create a Load Progress Bar for Corona SDK,http://ramblingprogrammer.com/?p=23,Miscellaneous,Blog post
Develop a String Avoider Prototype with Corona SDK,http://www.emanueleferonato.com/2011/12/19/develop-a-string-avoider-prototype-with-corona-sdk/,Miscellaneous,Blog post
Corona SDK: How to Get a User's Last Tweet,http://mobiledevtuts.com/corona-sdk/corona-sdk-how-to-get-a-users-last-tweet/,Miscellaneous,Blog post
Corona Level Selection Tutorial,http://www.newnams.com/corona-level-selection-tutorial/,Miscellaneous,Blog post
Corona - Arrays,http://www.webdevils.com.php5-22.dfw1-1.websitetestlink.com/?p=742,Mitchell Hudson,Blog post
Corona - for Loop,http://www.webdevils.com.php5-22.dfw1-1.websitetestlink.com/?p=752,Mitchell Hudson,Blog post
Corona Ð Display Objects,http://www.webdevils.com.php5-22.dfw1-1.websitetestlink.com/?p=757,Mitchell Hudson,Blog post
Corona Ð Animation,http://www.webdevils.com.php5-22.dfw1-1.websitetestlink.com/?p=763,Mitchell Hudson,Blog post
Corona Ð More Easing types,http://www.webdevils.com.php5-22.dfw1-1.websitetestlink.com/?p=776,Mitchell Hudson,Blog post
Lesson 01: Introduction to Corona SDK,http://mobile.tutsplus.com/tutorials/corona/introduction-to-corona-sdk-easy-cross-platform-development/,Mobiletuts+,Blog Post
Lesson 02: Creating an Analog Clock App,http://mobile.tutsplus.com/tutorials/corona/corona-sdk-creating-an-analog-clock-app/,Mobiletuts+,Blog Post
Lesson 03: Create an Accelerometer Driven Application,http://mobile.tutsplus.com/tutorials/corona/corona-sdk-accelerometer/,Mobiletuts+,Blog Post
Lesson 04: Develop an Entertaining Magic Ball Application,http://mobile.tutsplus.com/tutorials/corona/corona-sdk-eight-ball/,Mobiletuts+,Blog Post
Lesson 05: Working with Alerts,http://mobile.tutsplus.com/tutorials/corona/corona-sdk-working-with-alerts/,Mobiletuts+,Blog Post
Lesson 06: Creating an In-App Web View,http://mobile.tutsplus.com/tutorials/corona/corona-sdk-webview/,Mobiletuts+,Blog Post
Lesson 07: Creating a Simple Basketball Game,http://mobile.tutsplus.com/tutorials/corona/corona-sdk_game-development_basketball/,Mobiletuts+,Blog Post
Lesson 08: Game Development Path Finding,http://mobile.tutsplus.com/tutorials/corona/corona-sdk-game-development-path-finding/,Mobiletuts+,Blog Post
Lesson 09: Create a Screen Capture Utility,http://mobile.tutsplus.com/tutorials/corona/corona-sdk-quick-tip-create-a-screen-capture-utility/,Mobiletuts+,Blog Post
Lesson 10: Screen Transitions,http://mobile.tutsplus.com/tutorials/corona/corona-sdk_view-transitions/,Mobiletuts+,Blog Post
Lesson 11: How to Blow Stuff Up With the Physics Engine: Part 1,http://mobile.tutsplus.com/tutorials/corona/corona-sdk_physics_explosions/,Mobiletuts+,Blog Post
Lesson 12: How to Blow Stuff Up With the Physics Engine: Part 2,http://mobile.tutsplus.com/tutorials/corona/corona-sdk_physics-engine_explosions/,Mobiletuts+,Blog Post
"Lesson 13: Create a Brick Breaker Game, Part 1: Application Setup",http://mobile.tutsplus.com/tutorials/corona/corona-sdk_brick-breaker/,Mobiletuts+,Blog Post
"Lesson 14: Create a Brick Breaker Game, Part 2: Game Controls",http://mobile.tutsplus.com/tutorials/corona/create-a-brick-breaker-game-with-the-corona-sdk-game-controls/,Mobiletuts+,Blog Post
"Lesson 15: Create a Brick Breaker Game, Part 3: Collision Detection",http://mobile.tutsplus.com/tutorials/corona/create-a-brick-breaker-game-with-the-corona-sdk-collision-detection/,Mobiletuts+,Blog Post
Lesson 16: Sharing Data with Gestures: Corona App Setup,http://mobile.tutsplus.com/tutorials/corona/mobile-bump-app-1/,Mobiletuts+,Blog Post
Lesson 17: Sharing Data with Gestures: Rails & Heroku Setup (Part 2),http://mobile.tutsplus.com/tutorials/corona/sharing-data-with-gestures-rails-heroku-setup/,Mobiletuts+,Blog Post
Lesson 18: Sharing Data with Gestures: Thump Matching (Part 3),http://mobile.tutsplus.com/tutorials/corona/sharing-data-with-gestures-thump-matching/,Mobiletuts+,Blog Post
Lesson 19: Porting Actionscript Games to iOS with Corona (Part 1),http://mobile.tutsplus.com/tutorials/corona/porting-actionscript-games-to-ios-with-the-corona-sdk/,Mobiletuts+,Blog Post
Lesson 20: Porting Actionscript Games to iOS with Corona (Part 2),http://mobile.tutsplus.com/tutorials/corona/porting-actionscript-games-to-ios-with-the-corona-sdk-part-2/,Mobiletuts+,Blog Post
Lesson 21: Porting Actionscript Games to iOS with Corona (Part 3),http://mobile.tutsplus.com/tutorials/corona/porting-actionscript-games-to-ios-with-the-corona-sdk-part-3/,Mobiletuts+,Blog Post
Lesson 22: Working with the Facebook Graph API (Part 1),http://mobile.tutsplus.com/tutorials/corona/corona-sdk-working-with-the-facebook-graph-api/,Mobiletuts+,Blog Post
Lesson 22: Working with the Facebook Graph API (Part 2),http://mobile.tutsplus.com/tutorials/corona/corona-sdk-working-with-the-facebook-graph-api-part-2/,Mobiletuts+,Blog Post
Lesson 23: Creating a Scrolling Background with Corona SDK,http://mobile.tutsplus.com/tutorials/corona/creating-a-scrolling-background-with-corona-sdk/,Mobiletuts+,Blog Post
Lesson 24: Develop a Freznic-like Game: Application Setup (Part 1),http://mobile.tutsplus.com/tutorials/corona/corona-sdk-develop-a-frenzic-like-game-application-setup/,Mobiletuts+,Blog Post
Lesson 25: Develop a Freznic-like Game: Adding Interactivity (Part 2),http://mobile.tutsplus.com/tutorials/corona/corona-sdk-develop-a-frenzic-like-game-adding-interactivity/,Mobiletuts+,Blog Post
Lesson 26: Develop a Freznic-like Game: Final Steps (Part 3),http://mobile.tutsplus.com/tutorials/corona/corona-sdk-develop-a-frenzic-like-game-final-steps/,Mobiletuts+,Blog Post
Lesson 27: Create a Memory Match Game,http://mobile.tutsplus.com/tutorials/corona/corona-sdk-create-a-memory-match-game/,Mobiletuts+,Blog Post
Lesson 28: Creating a Music Player: Application Setup (Part 1),http://mobile.tutsplus.com/tutorials/corona/corona-sdk-creating-a-music-player-application-setup/,Mobiletuts+,Blog Post
Lesson 29: Creating a Music Player: Final Steps (Part 2),http://mobile.tutsplus.com/tutorials/corona/corona-sdk_music-app_part-2/,Mobiletuts+,Blog Post
Lesson 30: Build a Space Shooter: Application Setup (Part 1),http://mobile.tutsplus.com/tutorials/corona/corona-sdk-build-a-space-shooter-application-setup/,Mobiletuts+,Blog Post
Lesson 31: Build a Space Shooter: Adding Interactivity (Part 2),http://mobile.tutsplus.com/tutorials/corona/corona-sdk-build-a-space-shooter-adding-interactivity/,Mobiletuts+,Blog Post
Lesson 32: Build a Space Shooter: Final Steps (Part 3),http://mobile.tutsplus.com/tutorials/corona/corona-sdk-building-a-space-shooter-final-steps/,Mobiletuts+,Blog Post
Lesson 33: Create a Whack-a-Mole Game: Application Setup (Part 1),http://mobile.tutsplus.com/tutorials/corona/corona-sdk-create-a-whack-a-mole-game-application-setup/,Mobiletuts+,Blog Post
Lesson 34: Create a Whack-a-Mole Game: Adding Interactivity (Part 2),http://mobile.tutsplus.com/tutorials/corona/corona-sdk-create-a-whack-a-mole-game-%C3%A2%E2%82%AC%E2%80%9C-adding-interactivity/,Mobiletuts+,Blog Post
Lesson 35: Create a Whack-a-Mole Game: Final Steps (Part 3),http://mobile.tutsplus.com/tutorials/corona/corona-sdk-create-a-whack-a-mole-game-final-steps/,Mobiletuts+,Blog Post
Lesson 36: Build a Shell Game: Setup (Part 1),http://mobile.tutsplus.com/tutorials/corona/corona-sdk-build-a-shell-game-game-setup/,Mobiletuts+,Blog Post
Lesson 37: Build a Shell Game: Interaction (Part 2),http://mobile.tutsplus.com/tutorials/corona/corona-sdk-build-a-shell-game-interaction/,Mobiletuts+,Blog Post
Lesson 38: Build a Shell Game: Final Steps (Part 3),http://mobile.tutsplus.com/tutorials/corona/corona-sdk-build-a-shell-game-final-steps/,Mobiletuts+,Blog Post
Lesson 39: Side-Scroller from Scratch - Setup (Part 1),http://mobile.tutsplus.com/tutorials/corona/corona-sdk-create-a-side-scroller-from-scratch/,Mobiletuts+,Blog Post
Lesson 40: Side-Scroller from Scratch - Background Motion (Part 2),http://mobile.tutsplus.com/tutorials/corona/build-a-side-scroller-from-scratch-background-motion/,Mobiletuts+,Blog Post
Lesson 41: Side-Scroller from Scratch - Using Sprites (Part 3),http://mobile.tutsplus.com/tutorials/corona/build-an-endless-runner-game-from-scratch-using-sprites/,Mobiletuts+,Blog Post
Lesson 42: Create a Rapid Roll-like Game - Setup (Part 1),http://mobile.tutsplus.com/tutorials/corona/corona-sdk-create-a-rapid-roll-like-game-setup/,Mobiletuts+,Blog Post
Lesson 43: Create a Rapid Roll-like Game - Interaction (Part 2),http://mobile.tutsplus.com/tutorials/corona/corona-sdk-create-a-rapid-roll-like-game-interaction/,Mobiletuts+,Blog Post
Lesson 44: Endless Runner Game - Background Motion (Part 2),http://mobile.tutsplus.com/tutorials/corona/build-a-side-scroller-from-scratch-background-motion/,Mobiletuts+,Blog Post
Lesson 45: Endless Runner Game - Using Sprites (Part 3),http://mobile.tutsplus.com/tutorials/corona/build-an-endless-runner-game-from-scratch-using-sprites/,Mobiletuts+,Blog Post
Lesson 46: Endless Runner Game - Sprite Interaction (Part 4),http://mobile.tutsplus.com/tutorials/corona/build-an-endless-runner-from-scratch-sprite-interaction/,Mobiletuts+,Blog Post
Lesson 47: Endless Runner Game - Adding Events (Part 5),http://mobile.tutsplus.com/tutorials/corona/build-an-endless-runner-from-scratch-part-5/,Mobiletuts+,Blog Post
Lesson 48: Endless Runner Game - Obstacle & Enemies (Part 6),http://mobile.tutsplus.com/tutorials/corona/build-an-endless-runner-game-from-scratch-obstacles-and-enemies/,Mobiletuts+,Blog Post
Lesson 49: Endless Runner Game - Game Over & Scoring (Part 7),http://mobile.tutsplus.com/tutorials/corona/build-an-endless-runner-game-from-scratch-game-over-scoring/,Mobiletuts+,Blog Post
Lesson 50: Endless Runner Game - Boss Battles (Part 8),http://mobile.tutsplus.com/tutorials/corona/build-an-endless-runner-game-from-scratch-boss-battles/,Mobiletuts+,Blog Post
Lesson 51: Endless Runner Game - Game Menu (Part 9),http://mobile.tutsplus.com/tutorials/corona/build-an-endless-runner-game-from-scratch-the-game-menu/,Mobiletuts+,Blog Post
Lesson 52: Endless Runner Game - App Store Publishing (Part 10),http://mobile.tutsplus.com/tutorials/corona/build-an-endless-runner-game-from-scratch-app-store-publishing/,Mobiletuts+,Blog Post
"Lesson 53: Create an Alphabet Soup Game, Part 1",http://mobile.tutsplus.com/tutorials/corona/corona-sdk-create-an-alphabet-soup-game/,Mobiletuts+,Blog Post
"Lesson 54: Create an Alphabet Soup Game, Part 2",http://mobile.tutsplus.com/tutorials/corona/corona-sdk-create-an-alphabet-soup-game-interaction/,Mobiletuts+,Blog Post
"Lesson 55: Create an Alphabet Soup Game, Part 3",http://mobile.tutsplus.com/tutorials/corona/corona-sdk-create-an-alphabet-soup-game-final-steps/,Mobiletuts+,Blog Post
"Lesson 56: Create a Balloon Game, Part 1",http://mobile.tutsplus.com/tutorials/corona/corona-sdk-create-a-bloons-like-game/,Mobiletuts+,Blog Post
Creating an RSS and JSON Driven App with Corona SDK,http://monkeybin.no/blog/archives/2011/04/26/creating-an-rss-and-json-driven-app-with-corona-sdk/,Monkeybin,Blog Post
Trick: Avoid Touch Events Through Layered Screens,http://monkeybin.no/blog/archives/2011/08/08/corona-sdk-avoid-touch-events-through-layered-screens/,Monkeybin,Blog post
Corona SDK Localization Made Easy,http://monkeybin.no/blog/archives/2011/09/18/corona-sdk-localization-made-easy/,Monkeybin,Blog post
Animation in CoronaSDK: Flying Geese,http://howto.oz-apps.com/2011/03/flying-geese-in-coronasdk.html,OZ Apps,Blog Post
Custom Controls for CoronaSDK,http://howto.oz-apps.com/2011/05/custom-controls-for-coronasdk.html,OZ Apps,Blog Post
"Using the ""Pull to Refresh"" Control",http://howto.oz-apps.com/2011/05/using-pull-to-refresh-control.html,OZ Apps,Blog Post
Make a Bobbing Bar (Health/Power Meter),http://howto.oz-apps.com/2011/06/make-bobbing-bar.html,OZ Apps,Blog Post
Inventory Management: Part 1,http://howto.oz-apps.com/2011/07/positioning-screen-co-ordinates-based.html,OZ Apps,Blog Post
Inventory Management: Part 2,http://howto.oz-apps.com/2011/07/inventory-management-system-for-games.html,OZ Apps,Blog Post
Inventory Management: Part 3,http://howto.oz-apps.com/2011/10/inventory-system-gui.html,OZ Apps,Blog Post
How to Make a Pulsating Animation,http://howto.oz-apps.com/2011/07/how-to-pulsate-using-coronasdk.html,OZ Apps,Blog Post
Localization in Corona SDK,http://howto.oz-apps.com/2011/07/localisation-in-coronasdk.html,OZ Apps,Blog Post
Redundant Code and Optimizing in Corona SDK,http://howto.oz-apps.com/2011/08/redundant-code.html,OZ Apps,Blog Post
Modules in Lua,http://howto.oz-apps.com/2011/08/modules-in-lua.html,OZ Apps,Blog Post
Factory Objects,http://howto.oz-apps.com/2011/08/factory-objects.html,OZ Apps,Blog Post
Dynamic Loading,http://howto.oz-apps.com/2011/08/dynamic-loading.html,OZ Apps,Blog Post
Designing Game Movement,http://howto.oz-apps.com/2011/08/designing-game-movement.html,OZ Apps,Blog Post
Create Your Own Function Library (Part 1),http://howto.oz-apps.com/2011/08/create-your-own-function-library-part-1.html,OZ Apps,Blog Post
Create Your Own Function Library (Part 2),http://howto.oz-apps.com/2011/09/create-your-own-function-library-part-2.html,OZ Apps,Blog Post
Create Your Own Function Library (Part 3),http://howto.oz-apps.com/2011/09/create-your-own-function-library-part-3.html,OZ Apps,Blog Post
Referencing Multple Objects of the Same Type,http://howto.oz-apps.com/2011/09/referencing-multiple-objects-of-same.html,OZ Apps,Blog Post
Boleans,http://howto.oz-apps.com/2011/09/boo-lean.html,OZ Apps,Blog Post
How to use the Gradients and Tinting APIs,http://howto.oz-apps.com/2011/09/make-graphics-interesting.html,OZ Apps,Blog Post
Removing an Item from Array with an Iterator,http://howto.oz-apps.com/2011/09/tower-of-babel-no-honoi-maybe.html,OZ Apps,Blog Post
Manipulating Lua Tables (Part 1),http://howto.oz-apps.com/2011/09/if-i-were-carpenter-would-you-buy-my.html,OZ Apps,Blog Post
Manipulating Lua Tables (Part 2),http://howto.oz-apps.com/2011/09/tables-part-2.html,OZ Apps,Blog Post
Creating Dynamic Variables,http://howto.oz-apps.com/2011/09/creating-dynamic-variables.html,OZ Apps,Blog Post
Scopes for Functions (Part 1),http://howto.oz-apps.com/2011/09/scopes-for-functions.html,OZ Apps,Blog Post
Scopes for Functions (Part 2),http://howto.oz-apps.com/2011/09/function-scope-answers.html,OZ Apps,Blog Post
How to Change Event Handlers w/o Removing the Listener,http://howto.oz-apps.com/2011/09/how-to-change-event-handlers-without.html,OZ Apps,Blog Post
Local Notifications with Corona SDK,http://howto.oz-apps.com/2011/09/message-in-bottle.html,OZ Apps,Blog Post
Coroutines in Lua,http://howto.oz-apps.com/2011/10/you-asked-for-coroutines.html,OZ Apps,Blog Post
Bug Catcher: A Game Tutorial,http://howto.oz-apps.com/2011/10/bug-catcher-game-tutorial.html,OZ Apps,Blog Post
Create a Finger Swipe,http://howto.oz-apps.com/2011/11/create-finger-swipe.html,OZ Apps,Blog Post
Get Masking Working Properly,http://howto.oz-apps.com/2011/11/get-masking-working-properly.html,OZ Apps,Blog Post
"Corona for Newbies, Part 1 - Introduction",http://techority.com/2011/01/12/corona-for-newbies-part-1/,Peach Pellen,Blog post
"Corona for Newbies, Part 2 - Sounds and Music",http://techority.com/2011/01/22/corona-for-newbies-part-2/,Peach Pellen,Blog post
"Corona for Newbies, Part 3 - Dragging and Practical Usage",http://techority.com/2011/03/12/corona-for-newbies-part-3/,Peach Pellen,Blog post
"Corona for Newbies, Part 4 - Physics",http://techority.com/2011/06/19/corona-for-newbies-part-4-physics/,Peach Pellen,Blog post
Lesson 01: How to Use Scenes/Screens in Corona,http://techority.com/2010/11/19/how-to-use-scenesscreens-in-corona/,Peach Pellen,Blog post
Lesson 02: Control an Actor with the Accelerometer,http://techority.com/2010/11/19/control-an-actor-with-the-accelerometer/,Peach Pellen,Blog post
"Lesson 03: Adding OpenFeint to Your iPhone App, Part 1",http://corona.techority.com/2010/12/19/adding-openfeint-updated/,Peach Pellen,Blog post
"Lesson 04: Adding OpenFeint to Your iPhone App, Part 2",http://corona.techority.com/2010/11/25/adding-openfeint-to-your-iphone-app-%E2%80%93-part-2/,Peach Pellen,Blog post
"Lesson 05: Adding OpenFeint to Your iPhone App, Part 3",http://corona.techority.com/2010/11/27/adding-openfeint-to-your-iphone-app-%E2%80%93-part-3/,Peach Pellen,Blog post
"Lesson 06: How to Add a ""Rate It"" Button to Your iPhone App",http://techority.com/2010/12/07/how-to-add-a-rate-it-button-to-your-iphone-app/,Peach Pellen,Blog post
Lesson 07: How to Wrap Your iPhone App's Screen,http://techority.com/2010/12/08/how-to-wrap-your-iphone-apps-screen/,Peach Pellen,Blog post
"Lesson 08: How to Add a ""Rate It"" Button to your iPhone App",http://techority.com/2010/12/07/how-to-add-a-rate-it-button-to-your-iphone-app/,Peach Pellen,Blog post
Lesson 09: How to Add a Score to your iPhone App,http://techority.com/2011/01/26/how-to-add-a-score-to-your-iphone-app/,Peach Pellen,Video
Lesson 10: How to Make your iPhone App Portrait or Landscape,http://techority.com/2011/02/01/how-to-make-your-iphone-app-portrait-or-landscape/,Peach Pellen,Blog post
Lesson 11: Mouseover Button Effects in your App,http://techority.com/2011/02/12/mouse-over-button-effects-in-your-iphone-app/,Peach Pellen,Blog post
Lesson 12: Controlling a Character with a D-Pad,http://techority.com/2011/02/14/controlling-a-character-with-a-d-pad/,Peach Pellen,Blog post
Lesson 13: Add Facebook Posting to your Corona App,http://techority.com/2011/03/08/add-facebook-posting-to-your-corona-iphone-app/,Peach Pellen,Blog post
Lesson 14: Adding a Score to your App Based on a Timer,http://techority.com/2011/03/25/adding-a-score-to-your-app-that-goes-up-based-on-a-timer/,Peach Pellen,Blog post
Lesson 15: How to Save and Load Data in Your App,http://techority.com/2011/04/02/how-to-save-and-load-data-in-your-app/,Peach Pellen,Blog post
Lesson 16: Updated Facebook Tutorial for iPhone,http://techority.com/2011/04/21/updated-facebook-tutorial-for-iphone/,Peach Pellen,Blog post
Lesson 17: How to Stop Your App from Dimming/Standby,http://techority.com/2011/04/24/how-to-stop-your-app-from-dimmingstandby/,Peach Pellen,Blog post
Lesson 18: Adding a Link to Your iPhone App,http://techority.com/2011/04/29/adding-a-link-to-your-iphone-app/,Peach Pellen,Blog post
Lesson 19: Using Sprites in Your Corona iPhone Application,http://techority.com/2011/05/01/using-sprites-in-your-corona-iphone-application/,Peach Pellen,Blog post
Lesson 20: How to Modularize Your Code,http://techority.com/2011/05/15/how-to-modularize-your-code/,Peach Pellen,Blog post
Lesson 21: Post to Twitter from your Application,http://techority.com/2011/05/26/post-to-twitter-from-your-application/,Peach Pellen,Blog post
Lesson 22: How to Use a Scrolling Background - Portrait/Up,http://techority.com/2011/07/10/how-to-use-a-scrolling-background-portraitup/,Peach Pellen,Blog post
Lesson 23: How to Use a Scrolling Background - Portrait/Down,http://techority.com/2011/07/16/how-to-use-a-scrolling-background-portraitdown/,Peach Pellen,Blog post
Lesson 24: Using a Time Bar in your Corona App,http://techority.com/2011/08/09/using-a-time-bar-in-your-corona-app/,Peach Pellen,Blog post
Lesson 25: How to Use a Timed Splash Screen for your App,http://techority.com/2011/08/17/how-to-use-a-timed-splash-screen-for-your-app/,Peach Pellen,Blog post
Lesson 26: Let's Talk About Sensors,http://techority.com/2011/08/31/lets-talk-about-sensors/,Peach Pellen,Blog post
Lesson 27: Display a Timer in Minutes and Seconds,http://techority.com/2011/09/14/display-a-timer-minutes-and-seconds/,Peach Pellen,Blog post
Lesson 28: How to Generate a Key for your Android App,http://techority.com/2011/09/24/how-to-generate-a-key-for-your-android-app/,Peach Pellen,Blog post
Lesson 29: A Simple Pause Button,http://techority.com/2011/10/13/a-simple-pause-button/,Peach Pellen,Blog post
"Lesson 30: Flags, What and Why",http://techority.com/2011/10/30/flags-what-and-why/,Peach Pellen,Blog post
Lesson 31: Understanding Timers,http://techority.com/2011/11/13/understanding-timers/,Peach Pellen,Blog post
Lesson 32: Add Rolling Dice to your App,http://techority.com/2011/11/22/rolling-the-dice/,Peach Pellen,Blog post
Lesson 33: Making a Countdown App,http://techority.com/2011/12/07/making-a-countdown-app-with-corona-sdk/,Peach Pellen,Blog post
Lesson 34: Easy Saving of Highscore in Corona SDK,http://techority.com/2012/01/13/easy-saving-of-highscore-in-corona-sdk-apps/,Peach Pellen,Blog post
Lesson 35: Easy Saving and Loading with Ego [Library],http://techority.com/2011/12/28/ego-easy-saving-and-loading-in-your-corona-apps/,Peach Pellen,Blog post
Lesson 36: Easy Level Unlocking with Ego [Library],http://techority.com/2012/01/22/easy-level-unlocking-with-ego/,Peach Pellen,Blog post
Lesson 37: A Simple Score System,http://techority.com/2012/01/30/a-simple-score-system/,Peach Pellen,Blog post
Lesson 38: Easy Awesome Bounce Animations,http://techority.com/2012/02/03/easy-awesome-bounce-animations-in-corona-sdk/,Peach Pellen,Blog post
Making an Upgrade to Store in Your CoronaSDK Application,http://corona.techority.com/2012/04/08/making-an-upgrade-store-in-your-coronasdk-app/,Peach Pellen,Blog post
Lesson 01: Getting Started,http://www.youtube.com/watch?v=x1DcMVSXzBE,Rafael Hernandez,Video
Lesson 02: Displaying New Images,http://www.youtube.com/watch?v=hixisL2uUcQ,Rafael Hernandez,Video
Lesson 03: Retina Images Optimization,http://www.youtube.com/watch?v=XENfw2zMIsw,Rafael Hernandez,Video
Lesson 04: Basic Touch Handling,http://www.youtube.com/watch?v=8AqAUyHdhqI,Rafael Hernandez,Video
Lesson 05: Advanced Touch Handling,http://www.youtube.com/watch?v=pR37-szANDo,Rafael Hernandez,Video
Lesson 06: Simple Timers,http://www.youtube.com/watch?v=kcLAOsFb-Qg,Rafael Hernandez,Video
Lesson 07: Simple Audio,http://www.youtube.com/watch?v=KnTyTSsx8xk,Rafael Hernandez,Video
Lesson 08: External Modules,http://www.youtube.com/watch?v=WX1Swovbhms,Rafael Hernandez,Video
Lesson 09: Simple Physics,http://www.youtube.com/watch?v=wDBEhrmwO_0,Rafael Hernandez,Video
Lesson 10: Screen Transitioning (Director Class),http://www.youtube.com/watch?v=KudLE8h4kWw,Rafael Hernandez,Video
Lesson 11: Custom Fonts,http://www.youtube.com/watch?v=Y6r2V4Nd2Vw,Rafael Hernandez,Video
Lesson 12: x and yReference Properties and Rotation,http://www.youtube.com/watch?v=sKAWaLLG9vQ,Rafael Hernandez,Video
Lesson 13: Custom Physics Bodies,http://www.youtube.com/watch?v=DL_or4XKTfU,Rafael Hernandez,Video
Lesson 14: Simple Physics Joints,http://www.youtube.com/watch?v=hpa48QGFKsU,Rafael Hernandez,Video
Lesson 15: Databases - Read,http://www.youtube.com/watch?v=ApfsI7zxQlI,Rafael Hernandez,Video
Lesson 16: Databases - Insert & Update,http://www.youtube.com/watch?v=pjqOmqGHD6U,Rafael Hernandez,Video
Lesson 17: Module - Advanced Timer,http://www.youtube.com/watch?v=L8TImrONdNs,Rafael Hernandez,Video
Bonus Topic: Preparing Sound,http://www.youtube.com/watch?v=zWphgbdzh_A,Rafael Hernandez,Video
Bonus Topic: Configure Xcode for Lua,http://www.youtube.com/watch?v=bCyROeILbo8,Rafael Hernandez,Video
Corona SDK Game 01: Orb Smasher,http://www.youtube.com/watch?v=6TsDdLY7VXk,Rafael Hernandez,Video
Corona SDK Game 02: Balloon Burst,http://www.youtube.com/watch?v=abfaLoUw0ss&playnext=1&list=PL85F4BBCE610B41C2,Rafael Hernandez,Video
Make a Doodle Jump Game with Corona SDK (Part 1),http://www.raywenderlich.com/4885/how-to-make-a-game-like-doodle-jump-with-corona-tutorial-part-1,Ray Wenderlich,Blog post
Make a Doodle Jump Game with Corona SDK (Part 2),http://www.raywenderlich.com/4919/how-to-make-a-game-like-doodle-jump-with-corona-tutorial-part-2,Ray Wenderlich,Blog post
Director Class Video Tutorial,http://www.youtube.com/watch?v=RAktnj7nwos&feature=related,Ricardo Rauber,Video
Spriteloq Tutorial: Getting Spritesheets into your Corona App,http://www.youtube.com/watch?v=OqwU1pggpJY,Spriteloq,Video
Implementing a Health Status Bar in Corona SDK,http://omnigeek.robmiracle.com/2011/05/30/implementing-a-health-status-bar-in-corona-sdk/,The Omnigeek,Blog Post
Implementing a Game Center Button in Your Corona SDK Game,http://omnigeek.robmiracle.com/2011/06/13/implementing-a-game-center-button-in-your-corona-sdk-game/,The Omnigeek,Blog Post
Understanding Scope [in Corona SDK] for Beginning Programmers,http://omnigeek.robmiracle.com/2011/10/14/understanding-scope-for-beginning-programmers/,The Omnigeek,Blog Post
Collision Detection Without Physics,http://omnigeek.robmiracle.com/2011/12/14/collision-detection-without-physics/,The Omnigeek,Blog Post
VideoTutorial Corona SDK en Espanol contenidos basicos,http://www.youtube.com/watch?v=KN3hFoD9u6A,TotoPubStudio,Video
Tutorial de Corona SDK en Espanol Parte 1 - adrianeraldo,http://www.youtube.com/watch?v=WlPlYOVp2m4,TotoPubStudio,Video
Libros para iPad usando CoronaSDK,http://www.youtube.com/watch?v=Lng6CRfEYMk,TotoPubStudio,Video
Motor de fisica en Corona SDK en espanol,http://www.youtube.com/watch?v=aIJxhadjnvk,TotoPubStudio,Video